{"cameraMode":{"drawMode":0,"name":"Shaded","section":"Shading Mode"},"sceneLighting":true,"audioPlay":false,"sceneViewState":{"showFog":true,"showMaterialUpdate":false,"showSkybox":true,"showFlares":true,"showImageEffects":true,"showParticleSystems":true},"in2DMode":false,"pivot":{"x":-4.891163349151611,"y":-1.3302375078201295,"z":-17.386484146118165},"rotation":{"x":0.000933691393584013,"y":0.9983087778091431,"z":-0.055773694068193439,"w":0.01677461341023445},"size":11.479031562805176,"orthographic":false}